column,seed_idx,job,jct_ours_s,jct_lru_s,delta_pct
h100_swe,0,0,163.19,189.77,14.01
h100_swe,0,1,112.55,128.15,12.18
h100_swe,0,2,87.98,96.23,8.57
h100_swe,0,3,199.22,223.45,10.84
h100_swe,0,4,118.11,137.93,14.37
h100_swe,0,5,72.3,79.57,9.13
h100_swe,0,6,59.5,61.09,2.61
h100_swe,0,7,133.71,152.15,12.12
h100_swe,0,8,155.21,183.68,15.5
h100_swe,0,9,201.71,226.82,11.07
h100_swe,0,10,54.4,60.79,10.52
h100_swe,0,11,228.36,264.55,13.68
h100_swe,0,12,162.26,181.57,10.63
h100_swe,0,13,116.72,129.86,10.11
h100_swe,0,14,118.03,142.21,17.0
h100_swe,0,15,116.47,124.99,6.81
h100_swe,0,16,148.96,171.72,13.26
h100_swe,0,17,168.09,205.87,18.35
h100_swe,0,18,128.91,147.92,12.85
h100_swe,0,19,160.78,195.64,17.82
h100_swe,0,20,69.63,79.73,12.68
h100_swe,0,21,86.41,108.37,20.27
h100_swe,0,22,183.69,224.75,18.27
h100_swe,0,23,164.44,194.75,15.56
h100_swe,0,24,200.72,227.92,11.93
h100_swe,0,25,66.89,73.26,8.7
h100_swe,0,26,103.56,125.59,17.54
h100_swe,0,27,209.43,239.5,12.56
h100_swe,0,28,176.11,196.5,10.38
h100_swe,0,29,286.47,329.07,12.95
h100_swe,0,30,204.79,235.04,12.87
h100_swe,0,31,228.48,271.77,15.93
h100_swe,0,32,127.02,145.89,12.93
h100_swe,0,33,163.03,199.95,18.46
h100_swe,0,34,165.11,206.5,20.04
h100_swe,0,35,141.2,181.52,22.21
h100_swe,0,36,294.57,337.9,12.82
h100_swe,0,37,230.76,277.05,16.71
h100_swe,0,38,214.24,251.87,14.94
h100_swe,0,39,296.17,333.8,11.27
h100_swe,0,40,175.88,206.97,15.02
h100_swe,0,41,184.39,214.65,14.1
h100_swe,0,42,318.98,365.1,12.63
h100_swe,0,43,232.68,269.24,13.58
h100_swe,0,44,142.65,173.74,17.9
h100_swe,0,45,241.73,284.13,14.92
h100_swe,0,46,262.37,300.82,12.78
h100_swe,0,47,112.91,137.9,18.12
h100_swe,0,48,165.43,191.74,13.72
h100_swe,0,49,173.26,195.39,11.33
h100_swe,0,50,200.93,241.74,16.88
h100_swe,0,51,145.69,169.74,14.17
h100_swe,0,52,224.9,254.31,11.56
h100_swe,0,53,288.06,335.85,14.23
h100_swe,0,54,271.49,318.15,14.67
h100_swe,0,55,210.25,247.49,15.04
h100_swe,0,56,169.31,206.42,17.98
h100_swe,0,57,218.93,251.31,12.89
h100_swe,0,58,247.2,291.39,15.17
h100_swe,0,59,370.8,417.1,11.1
h100_swe,0,60,232.46,264.42,12.09
h100_swe,0,61,174.6,200.95,13.11
h100_swe,0,62,185.77,219.23,15.27
h100_swe,0,63,186.25,217.58,14.4
h100_swe,0,64,216.2,257.97,16.19
h100_swe,0,65,227.52,271.07,16.07
h100_swe,0,66,211.15,250.25,15.62
h100_swe,0,67,208.62,242.07,13.82
h100_swe,0,68,247.2,290.46,14.89
h100_swe,0,69,239.95,287.09,16.42
h100_swe,0,70,199.14,229.78,13.33
h100_swe,0,71,237.79,280.29,15.16
h100_swe,0,72,199.73,229.95,13.14
h100_swe,0,73,185.42,221.64,16.34
h100_swe,0,74,201.71,231.75,12.96
h100_swe,0,75,224.3,264.51,15.2
h100_swe,0,76,276.49,319.45,13.45
h100_swe,0,77,205.93,235.94,12.72
h100_swe,0,78,231.1,270.74,14.64
h100_swe,0,79,185.51,215.65,13.98
h100_swe,0,80,160.3,187.44,14.48
h100_swe,0,81,203.82,239.89,15.04
h100_swe,0,82,194.77,233.79,16.69
h100_swe,0,83,236.67,273.74,13.54
h100_swe,0,84,231.38,274.2,15.62
h100_swe,0,85,218.63,261.19,16.29
h100_swe,0,86,233.95,273.52,14.47
h100_swe,0,87,171.85,199.13,13.7
h100_swe,0,88,173.74,207.21,16.15
h100_swe,0,89,196.34,239.26,17.94
h100_swe,0,90,209.14,254.24,17.74
h100_swe,0,91,183.39,226.4,19.0
h100_swe,0,92,195.03,232.38,16.07
h100_swe,0,93,209.43,249.0,15.89
h100_swe,0,94,203.05,243.11,16.48
h100_swe,0,95,150.43,180.27,16.55
h100_swe,0,96,171.52,206.81,17.06
h100_swe,0,97,223.7,266.1,15.93
h100_swe,0,98,212.35,252.26,15.82
h100_swe,0,99,182.17,221.14,17.62
h100_swe,1,0,198.27,215.32,7.92
h100_swe,1,1,140.27,153.28,8.49
h100_swe,1,2,127.0,140.26,9.46
h100_swe,1,3,201.09,227.69,11.69
h100_swe,1,4,106.41,116.01,8.28
h100_swe,1,5,59.65,62.73,4.91
h100_swe,1,6,106.35,113.92,6.65
h100_swe,1,7,159.16,187.68,15.2
h100_swe,1,8,207.83,229.6,9.48
h100_swe,1,9,146.08,166.43,12.23
h100_swe,1,10,56.38,61.08,7.69
h100_swe,1,11,291.14,318.29,8.53
h100_swe,1,12,115.8,135.06,14.26
h100_swe,1,13,107.61,115.93,7.17
h100_swe,1,14,156.59,182.11,14.01
h100_swe,1,15,145.82,161.14,9.51
h100_swe,1,16,154.0,176.23,12.62
h100_swe,1,17,168.61,200.0,15.7
h100_swe,1,18,138.49,157.88,12.28
h100_swe,1,19,198.78,228.15,12.87
h100_swe,1,20,91.78,107.06,14.27
h100_swe,1,21,99.74,114.61,12.97
h100_swe,1,22,188.46,220.15,14.4
h100_swe,1,23,192.54,227.15,15.24
h100_swe,1,24,213.84,251.68,15.03
h100_swe,1,25,61.04,63.98,4.6
h100_swe,1,26,100.26,127.13,21.14
h100_swe,1,27,247.76,287.56,13.84
h100_swe,1,28,162.46,194.41,16.43
h100_swe,1,29,326.29,372.92,12.5
h100_swe,1,30,231.96,262.85,11.75
h100_swe,1,31,216.37,258.99,16.46
h100_swe,1,32,154.42,177.29,12.9
h100_swe,1,33,158.74,184.75,14.08
h100_swe,1,34,178.26,213.47,16.49
h100_swe,1,35,163.36,189.01,13.57
h100_swe,1,36,276.6,314.4,12.02
h100_swe,1,37,211.86,239.35,11.49
h100_swe,1,38,249.16,293.38,15.07
h100_swe,1,39,300.6,345.73,13.05
h100_swe,1,40,179.18,212.21,15.56
h100_swe,1,41,222.67,256.08,13.05
h100_swe,1,42,300.82,342.2,12.09
h100_swe,1,43,213.48,250.66,14.83
h100_swe,1,44,160.44,195.99,18.13
h100_swe,1,45,258.55,305.9,15.48
h100_swe,1,46,271.78,308.3,11.85
h100_swe,1,47,163.48,187.42,12.77
h100_swe,1,48,177.92,213.18,16.54
h100_swe,1,49,211.59,249.44,15.17
h100_swe,1,50,209.35,230.99,9.37
h100_swe,1,51,166.39,195.92,15.07
h100_swe,1,52,233.25,275.07,15.2
h100_swe,1,53,308.03,351.48,12.36
h100_swe,1,54,289.73,331.4,12.57
h100_swe,1,55,229.76,269.29,14.68
h100_swe,1,56,182.04,214.32,15.06
h100_swe,1,57,219.14,251.6,12.9
h100_swe,1,58,255.11,296.5,13.96
h100_swe,1,59,394.05,442.13,10.87
h100_swe,1,60,222.46,263.76,15.66
h100_swe,1,61,184.02,213.99,14.0
h100_swe,1,62,201.56,233.93,13.84
h100_swe,1,63,205.76,233.55,11.9
h100_swe,1,64,232.81,262.59,11.34
h100_swe,1,65,252.25,294.1,14.23
h100_swe,1,66,225.71,252.24,10.52
h100_swe,1,67,240.52,269.08,10.61
h100_swe,1,68,259.29,302.05,14.16
h100_swe,1,69,253.45,307.04,17.45
h100_swe,1,70,209.97,243.14,13.64
h100_swe,1,71,258.38,299.81,13.82
h100_swe,1,72,174.79,194.75,10.25
h100_swe,1,73,211.45,239.87,11.85
h100_swe,1,74,205.99,234.05,11.99
h100_swe,1,75,221.46,259.29,14.59
h100_swe,1,76,277.47,314.84,11.87
h100_swe,1,77,230.64,259.59,11.15
h100_swe,1,78,239.18,276.48,13.49
h100_swe,1,79,203.12,232.37,12.58
h100_swe,1,80,171.49,186.62,8.1
h100_swe,1,81,207.04,237.16,12.7
h100_swe,1,82,208.74,244.81,14.73
h100_swe,1,83,246.07,284.29,13.44
h100_swe,1,84,250.6,289.01,13.29
h100_swe,1,85,240.04,279.26,14.05
h100_swe,1,86,279.8,314.35,10.99
h100_swe,1,87,184.88,214.72,13.9
h100_swe,1,88,187.89,217.41,13.58
h100_swe,1,89,223.77,263.06,14.93
h100_swe,1,90,233.28,271.28,14.01
h100_swe,1,91,195.37,230.07,15.09
h100_swe,1,92,212.0,252.95,16.19
h100_swe,1,93,231.5,269.74,14.18
h100_swe,1,94,225.13,266.69,15.58
h100_swe,1,95,172.11,195.79,12.1
h100_swe,1,96,212.94,243.53,12.56
h100_swe,1,97,256.46,296.1,13.39
h100_swe,1,98,237.2,271.89,12.76
h100_swe,1,99,207.98,245.51,15.29
h100_swe,2,0,165.78,188.22,11.93
h100_swe,2,1,153.34,171.01,10.33
h100_swe,2,2,112.81,125.32,9.98
h100_swe,2,3,147.53,175.76,16.06
h100_swe,2,4,174.84,198.47,11.91
h100_swe,2,5,74.66,80.29,7.0
h100_swe,2,6,83.09,91.87,9.56
h100_swe,2,7,119.28,140.58,15.16
h100_swe,2,8,175.61,211.57,16.99
h100_swe,2,9,140.94,156.55,9.97
h100_swe,2,10,57.3,62.75,8.68
h100_swe,2,11,207.94,237.94,12.61
h100_swe,2,12,134.97,154.12,12.43
h100_swe,2,13,93.64,107.18,12.64
h100_swe,2,14,136.77,159.92,14.48
h100_swe,2,15,122.86,140.42,12.5
h100_swe,2,16,167.32,195.15,14.26
h100_swe,2,17,185.82,218.52,14.96
h100_swe,2,18,117.83,135.01,12.72
h100_swe,2,19,199.29,245.43,18.8
h100_swe,2,20,81.58,91.63,10.97
h100_swe,2,21,98.09,109.59,10.49
h100_swe,2,22,201.32,240.25,16.2
h100_swe,2,23,180.82,214.64,15.76
h100_swe,2,24,169.74,207.77,18.31
h100_swe,2,25,49.97,57.53,13.15
h100_swe,2,26,106.44,123.27,13.66
h100_swe,2,27,186.69,229.09,18.51
h100_swe,2,28,137.35,169.21,18.83
h100_swe,2,29,297.37,348.39,14.64
h100_swe,2,30,174.35,214.06,18.55
h100_swe,2,31,159.04,203.07,21.68
h100_swe,2,32,129.45,163.94,21.04
h100_swe,2,33,114.21,150.56,24.14
h100_swe,2,34,151.25,189.29,20.1
h100_swe,2,35,142.24,170.54,16.59
h100_swe,2,36,263.54,303.19,13.08
h100_swe,2,37,169.02,209.89,19.48
h100_swe,2,38,203.32,238.24,14.66
h100_swe,2,39,259.03,303.26,14.58
h100_swe,2,40,184.02,213.82,13.94
h100_swe,2,41,189.24,232.42,18.58
h100_swe,2,42,291.6,336.94,13.46
h100_swe,2,43,198.22,243.05,18.44
h100_swe,2,44,159.45,188.92,15.6
h100_swe,2,45,264.67,303.32,12.74
h100_swe,2,46,246.69,299.33,17.59
h100_swe,2,47,135.04,160.27,15.74
h100_swe,2,48,173.74,213.82,18.74
h100_swe,2,49,170.61,209.7,18.64
h100_swe,2,50,184.39,225.87,18.36
h100_swe,2,51,140.71,167.26,15.87
h100_swe,2,52,216.7,251.96,13.99
h100_swe,2,53,280.68,328.95,14.67
h100_swe,2,54,256.39,308.99,17.02
h100_swe,2,55,194.13,246.88,21.37
h100_swe,2,56,160.36,202.47,20.8
h100_swe,2,57,201.38,249.43,19.26
h100_swe,2,58,261.03,306.37,14.8
h100_swe,2,59,318.19,367.95,13.52
h100_swe,2,60,205.89,248.93,17.29
h100_swe,2,61,174.61,203.65,14.26
h100_swe,2,62,193.25,228.21,15.32
h100_swe,2,63,157.03,192.79,18.55
h100_swe,2,64,209.79,252.41,16.89
h100_swe,2,65,234.26,276.95,15.41
h100_swe,2,66,207.85,241.18,13.82
h100_swe,2,67,208.02,243.33,14.51
h100_swe,2,68,250.73,292.03,14.14
h100_swe,2,69,229.58,276.97,17.11
h100_swe,2,70,186.6,231.97,19.56
h100_swe,2,71,224.04,269.27,16.8
h100_swe,2,72,164.13,195.65,16.11
h100_swe,2,73,168.74,209.73,19.54
h100_swe,2,74,171.56,204.71,16.2
h100_swe,2,75,210.93,252.86,16.58
h100_swe,2,76,243.96,288.03,15.3
h100_swe,2,77,182.43,221.29,17.56
h100_swe,2,78,209.45,251.63,16.76
h100_swe,2,79,174.98,217.26,19.46
h100_swe,2,80,138.07,166.7,17.17
h100_swe,2,81,169.32,208.11,18.64
h100_swe,2,82,195.55,231.77,15.63
h100_swe,2,83,217.19,262.8,17.36
h100_swe,2,84,226.94,268.21,15.39
h100_swe,2,85,200.01,244.82,18.3
h100_swe,2,86,241.29,281.81,14.38
h100_swe,2,87,176.3,203.08,13.19
h100_swe,2,88,162.35,191.56,15.25
h100_swe,2,89,206.79,244.88,15.55
h100_swe,2,90,214.38,257.81,16.85
h100_swe,2,91,171.74,206.62,16.88
h100_swe,2,92,190.65,228.51,16.57
h100_swe,2,93,209.28,249.18,16.01
h100_swe,2,94,183.57,223.05,17.7
h100_swe,2,95,138.95,169.42,17.98
h100_swe,2,96,170.88,211.7,19.28
h100_swe,2,97,214.42,252.22,14.99
h100_swe,2,98,208.92,246.47,15.24
h100_swe,2,99,183.09,221.39,17.3
a100_swe,0,0,601.68,699.35,13.97
a100_swe,0,1,321.52,413.59,22.26
a100_swe,0,2,179.64,245.38,26.79
a100_swe,0,3,630.69,735.29,14.23
a100_swe,0,4,331.18,396.58,16.49
a100_swe,0,5,128.8,166.2,22.5
a100_swe,0,6,111.41,147.95,24.7
a100_swe,0,7,400.59,497.31,19.45
a100_swe,0,8,615.88,756.52,18.59
a100_swe,0,9,623.76,725.0,13.96
a100_swe,0,10,137.93,210.57,34.5
a100_swe,0,11,803.31,901.1,10.85
a100_swe,0,12,579.63,694.27,16.51
a100_swe,0,13,320.51,368.51,13.03
a100_swe,0,14,397.11,482.7,17.73
a100_swe,0,15,325.54,420.86,22.65
a100_swe,0,16,539.13,662.49,18.62
a100_swe,0,17,693.1,800.77,13.45
a100_swe,0,18,471.62,587.77,19.76
a100_swe,0,19,686.02,848.2,19.12
a100_swe,0,20,219.77,318.62,31.02
a100_swe,0,21,353.22,453.43,22.1
a100_swe,0,22,713.25,857.11,16.78
a100_swe,0,23,601.87,759.47,20.75
a100_swe,0,24,696.44,821.91,15.27
a100_swe,0,25,144.4,181.05,20.24
a100_swe,0,26,435.87,526.38,17.19
a100_swe,0,27,803.52,900.56,10.78
a100_swe,0,28,637.64,704.17,9.45
a100_swe,0,29,972.57,1085.66,10.42
a100_swe,0,30,739.21,817.14,9.54
a100_swe,0,31,846.36,930.83,9.08
a100_swe,0,32,530.16,590.29,10.19
a100_swe,0,33,643.9,732.1,12.05
a100_swe,0,34,640.06,739.98,13.5
a100_swe,0,35,610.47,699.72,12.76
a100_swe,0,36,958.2,1070.42,10.48
a100_swe,0,37,822.63,917.51,10.34
a100_swe,0,38,816.79,895.95,8.83
a100_swe,0,39,951.53,1070.97,11.15
a100_swe,0,40,667.56,750.21,11.02
a100_swe,0,41,733.89,826.04,11.16
a100_swe,0,42,976.38,1090.34,10.45
a100_swe,0,43,836.54,927.74,9.83
a100_swe,0,44,586.2,660.5,11.25
a100_swe,0,45,890.79,1000.76,10.99
a100_swe,0,46,910.59,1011.18,9.95
a100_swe,0,47,503.75,550.72,8.53
a100_swe,0,48,643.18,691.22,6.95
a100_swe,0,49,679.57,762.19,10.84
a100_swe,0,50,739.95,818.39,9.58
a100_swe,0,51,524.41,572.62,8.42
a100_swe,0,52,794.29,867.67,8.46
a100_swe,0,53,944.35,1056.18,10.59
a100_swe,0,54,928.54,1030.78,9.92
a100_swe,0,55,802.21,880.38,8.88
a100_swe,0,56,690.03,754.77,8.58
a100_swe,0,57,780.4,855.66,8.8
a100_swe,0,58,889.37,996.79,10.78
a100_swe,0,59,1025.44,1137.11,9.82
a100_swe,0,60,818.12,909.38,10.04
a100_swe,0,61,631.53,696.38,9.31
a100_swe,0,62,697.22,784.49,11.12
a100_swe,0,63,671.51,742.2,9.52
a100_swe,0,64,791.58,882.3,10.28
a100_swe,0,65,846.1,948.42,10.79
a100_swe,0,66,779.45,858.29,9.19
a100_swe,0,67,768.39,837.88,8.29
a100_swe,0,68,888.45,996.35,10.83
a100_swe,0,69,888.67,981.68,9.48
a100_swe,0,70,725.6,818.2,11.32
a100_swe,0,71,856.86,956.5,10.42
a100_swe,0,72,648.31,700.94,7.51
a100_swe,0,73,719.56,794.37,9.42
a100_swe,0,74,740.93,816.7,9.28
a100_swe,0,75,806.91,898.32,10.18
a100_swe,0,76,907.03,1015.83,10.71
a100_swe,0,77,769.4,849.93,9.48
a100_swe,0,78,851.61,932.92,8.72
a100_swe,0,79,702.91,782.51,10.17
a100_swe,0,80,580.25,621.32,6.61
a100_swe,0,81,723.92,796.94,9.16
a100_swe,0,82,756.92,839.45,9.83
a100_swe,0,83,866.79,965.88,10.26
a100_swe,0,84,866.84,983.58,11.87
a100_swe,0,85,836.65,942.01,11.18
a100_swe,0,86,885.8,1000.04,11.42
a100_swe,0,87,672.79,730.82,7.94
a100_swe,0,88,683.27,743.57,8.11
a100_swe,0,89,811.25,918.69,11.69
a100_swe,0,90,846.04,943.53,10.33
a100_swe,0,91,752.16,828.56,9.22
a100_swe,0,92,780.98,890.1,12.26
a100_swe,0,93,827.31,935.12,11.53
a100_swe,0,94,812.65,904.83,10.19
a100_swe,0,95,594.16,641.37,7.36
a100_swe,0,96,737.5,825.69,10.68
a100_swe,0,97,859.83,965.35,10.93
a100_swe,0,98,845.59,963.03,12.19
a100_swe,0,99,796.37,884.64,9.98
a100_swe,1,0,580.07,685.3,15.35
a100_swe,1,1,344.1,417.73,17.63
a100_swe,1,2,301.19,351.7,14.36
a100_swe,1,3,668.55,771.77,13.37
a100_swe,1,4,252.7,349.89,27.78
a100_swe,1,5,109.1,132.63,17.74
a100_swe,1,6,225.66,266.27,15.25
a100_swe,1,7,546.03,642.27,14.99
a100_swe,1,8,683.37,806.58,15.28
a100_swe,1,9,517.51,634.21,18.4
a100_swe,1,10,135.38,213.85,36.69
a100_swe,1,11,865.58,989.26,12.5
a100_swe,1,12,442.74,548.12,19.23
a100_swe,1,13,256.39,314.84,18.57
a100_swe,1,14,515.72,615.13,16.16
a100_swe,1,15,475.24,536.12,11.36
a100_swe,1,16,493.69,603.52,18.2
a100_swe,1,17,666.26,800.01,16.72
a100_swe,1,18,442.99,572.39,22.61
a100_swe,1,19,673.95,832.54,19.05
a100_swe,1,20,321.92,415.27,22.48
a100_swe,1,21,371.69,442.1,15.93
a100_swe,1,22,754.79,863.56,12.6
a100_swe,1,23,696.37,839.44,17.04
a100_swe,1,24,698.53,845.4,17.37
a100_swe,1,25,126.75,169.29,25.13
a100_swe,1,26,387.55,492.61,21.33
a100_swe,1,27,822.66,926.08,11.17
a100_swe,1,28,616.7,688.72,10.46
a100_swe,1,29,979.82,1098.66,10.82
a100_swe,1,30,779.57,889.12,12.32
a100_swe,1,31,806.2,908.79,11.29
a100_swe,1,32,533.11,630.16,15.4
a100_swe,1,33,583.8,676.7,13.73
a100_swe,1,34,646.84,711.73,9.12
a100_swe,1,35,597.92,709.42,15.72
a100_swe,1,36,933.69,1037.32,9.99
a100_swe,1,37,785.0,899.82,12.76
a100_swe,1,38,822.64,911.56,9.75
a100_swe,1,39,945.65,1053.39,10.23
a100_swe,1,40,670.6,736.5,8.95
a100_swe,1,41,764.57,858.15,10.91
a100_swe,1,42,952.15,1077.14,11.6
a100_swe,1,43,807.9,898.68,10.1
a100_swe,1,44,579.07,667.66,13.27
a100_swe,1,45,901.09,997.81,9.69
a100_swe,1,46,909.37,999.11,8.98
a100_swe,1,47,536.66,612.31,12.35
a100_swe,1,48,628.97,711.65,11.62
a100_swe,1,49,719.31,799.19,10.0
a100_swe,1,50,707.31,801.11,11.71
a100_swe,1,51,549.73,623.44,11.82
a100_swe,1,52,808.42,868.88,6.96
a100_swe,1,53,949.3,1057.7,10.25
a100_swe,1,54,925.4,1046.56,11.58
a100_swe,1,55,813.05,904.87,10.15
a100_swe,1,56,689.12,762.61,9.64
a100_swe,1,57,783.11,857.1,8.63
a100_swe,1,58,883.75,992.83,10.99
a100_swe,1,59,1028.84,1146.39,10.25
a100_swe,1,60,808.3,903.9,10.58
a100_swe,1,61,630.95,690.99,8.69
a100_swe,1,62,716.67,794.71,9.82
a100_swe,1,63,682.84,752.65,9.28
a100_swe,1,64,796.32,869.66,8.43
a100_swe,1,65,871.35,973.61,10.5
a100_swe,1,66,772.68,849.46,9.04
a100_swe,1,67,786.04,886.59,11.34
a100_swe,1,68,886.29,988.55,10.34
a100_swe,1,69,885.75,987.12,10.27
a100_swe,1,70,746.56,840.8,11.21
a100_swe,1,71,873.86,970.15,9.92
a100_swe,1,72,625.9,681.84,8.2
a100_swe,1,73,715.65,817.65,12.47
a100_swe,1,74,742.64,810.47,8.37
a100_swe,1,75,781.05,876.72,10.91
a100_swe,1,76,899.08,1010.33,11.01
a100_swe,1,77,782.75,866.66,9.68
a100_swe,1,78,836.19,945.71,11.58
a100_swe,1,79,721.81,779.03,7.35
a100_swe,1,80,558.26,604.15,7.59
a100_swe,1,81,703.29,751.83,6.46
a100_swe,1,82,763.64,840.12,9.1
a100_swe,1,83,872.54,982.21,11.17
a100_swe,1,84,876.63,985.27,11.03
a100_swe,1,85,844.09,951.86,11.32
a100_swe,1,86,900.26,1017.44,11.52
a100_swe,1,87,675.44,745.45,9.39
a100_swe,1,88,681.97,751.45,9.25
a100_swe,1,89,817.73,922.96,11.4
a100_swe,1,90,859.81,964.63,10.87
a100_swe,1,91,744.62,838.96,11.24
a100_swe,1,92,797.46,890.34,10.43
a100_swe,1,93,843.81,947.9,10.98
a100_swe,1,94,819.93,924.16,11.28
a100_swe,1,95,590.89,640.75,7.78
a100_swe,1,96,773.58,845.18,8.47
a100_swe,1,97,875.08,984.63,11.13
a100_swe,1,98,857.64,971.25,11.7
a100_swe,1,99,808.6,896.32,9.79
a100_swe,2,0,540.73,657.69,17.78
a100_swe,2,1,481.34,600.14,19.8
a100_swe,2,2,262.75,375.34,30.0
a100_swe,2,3,548.81,671.02,18.21
a100_swe,2,4,433.61,514.04,15.65
a100_swe,2,5,162.45,206.31,21.26
a100_swe,2,6,179.76,220.01,18.29
a100_swe,2,7,412.0,522.01,21.07
a100_swe,2,8,675.44,787.81,14.26
a100_swe,2,9,478.84,554.79,13.69
a100_swe,2,10,142.9,221.26,35.41
a100_swe,2,11,718.72,859.25,16.35
a100_swe,2,12,445.78,564.78,21.07
a100_swe,2,13,220.8,299.39,26.25
a100_swe,2,14,434.36,528.94,17.88
a100_swe,2,15,410.28,499.88,17.93
a100_swe,2,16,583.29,658.9,11.48
a100_swe,2,17,672.73,791.41,15.0
a100_swe,2,18,420.22,462.95,9.23
a100_swe,2,19,741.22,880.3,15.8
a100_swe,2,20,248.01,332.73,25.46
a100_swe,2,21,364.34,469.92,22.47
a100_swe,2,22,772.06,890.86,13.34
a100_swe,2,23,705.53,811.95,13.11
a100_swe,2,24,631.72,741.11,14.76
a100_swe,2,25,115.59,157.81,26.76
a100_swe,2,26,426.34,504.82,15.55
a100_swe,2,27,784.24,880.3,10.91
a100_swe,2,28,554.44,668.43,17.05
a100_swe,2,29,975.72,1095.76,10.95
a100_swe,2,30,669.59,795.23,15.8
a100_swe,2,31,762.39,904.98,15.76
a100_swe,2,32,506.13,620.7,18.46
a100_swe,2,33,557.74,663.94,15.99
a100_swe,2,34,599.57,716.37,16.3
a100_swe,2,35,581.57,672.91,13.57
a100_swe,2,36,916.96,1049.98,12.67
a100_swe,2,37,751.52,874.06,14.02
a100_swe,2,38,765.54,877.25,12.73
a100_swe,2,39,924.98,1031.33,10.31
a100_swe,2,40,671.56,744.29,9.77
a100_swe,2,41,726.95,829.84,12.4
a100_swe,2,42,950.61,1066.75,10.89
a100_swe,2,43,792.92,899.85,11.88
a100_swe,2,44,593.86,673.89,11.88
a100_swe,2,45,890.26,991.64,10.22
a100_swe,2,46,882.53,1007.71,12.42
a100_swe,2,47,513.94,571.82,10.12
a100_swe,2,48,653.51,721.86,9.47
a100_swe,2,49,677.76,763.81,11.27
a100_swe,2,50,700.24,789.52,11.31
a100_swe,2,51,533.02,583.23,8.61
a100_swe,2,52,771.72,873.45,11.65
a100_swe,2,53,930.15,1047.14,11.17
a100_swe,2,54,906.67,1022.42,11.32
a100_swe,2,55,784.66,873.01,10.12
a100_swe,2,56,687.1,766.67,10.38
a100_swe,2,57,762.35,859.82,11.34
a100_swe,2,58,901.97,1009.96,10.69
a100_swe,2,59,979.77,1099.73,10.91
a100_swe,2,60,806.49,902.91,10.68
a100_swe,2,61,634.45,712.7,10.98
a100_swe,2,62,716.34,804.9,11.0
a100_swe,2,63,673.85,725.82,7.16
a100_swe,2,64,791.0,882.84,10.4
a100_swe,2,65,857.42,952.86,10.02
a100_swe,2,66,776.16,871.08,10.9
a100_swe,2,67,775.06,848.1,8.61
a100_swe,2,68,874.36,986.77,11.39
a100_swe,2,69,872.63,974.04,10.41
a100_swe,2,70,751.42,829.35,9.4
a100_swe,2,71,844.7,949.81,11.07
a100_swe,2,72,634.96,681.21,6.79
a100_swe,2,73,708.56,787.84,10.06
a100_swe,2,74,691.45,786.05,12.03
a100_swe,2,75,783.77,880.84,11.02
a100_swe,2,76,884.52,1001.32,11.66
a100_swe,2,77,748.5,835.98,10.46
a100_swe,2,78,814.22,918.02,11.31
a100_swe,2,79,706.8,785.38,10.01
a100_swe,2,80,541.24,612.02,11.56
a100_swe,2,81,684.83,768.3,10.86
a100_swe,2,82,745.97,847.29,11.96
a100_swe,2,83,847.76,959.73,11.67
a100_swe,2,84,855.91,971.96,11.94
a100_swe,2,85,826.33,927.4,10.9
a100_swe,2,86,873.76,996.04,12.28
a100_swe,2,87,676.73,736.2,8.08
a100_swe,2,88,658.63,738.86,10.86
a100_swe,2,89,814.21,914.57,10.97
a100_swe,2,90,834.44,950.93,12.25
a100_swe,2,91,723.43,816.16,11.36
a100_swe,2,92,777.05,871.0,10.79
a100_swe,2,93,824.19,931.22,11.49
a100_swe,2,94,782.24,883.01,11.41
a100_swe,2,95,577.16,640.24,9.85
a100_swe,2,96,735.91,818.18,10.06
a100_swe,2,97,838.45,959.03,12.57
a100_swe,2,98,829.46,945.25,12.25
a100_swe,2,99,787.03,892.47,11.81
tracelab,0,0,1584.23,1618.89,2.14
tracelab,0,1,169.14,132.79,-27.37
tracelab,0,2,1339.42,1400.94,4.39
tracelab,0,3,1624.46,1660.84,2.19
tracelab,0,4,55.02,60.82,9.54
tracelab,0,5,208.85,248.52,15.96
tracelab,0,6,187.56,230.01,18.46
tracelab,0,7,1099.69,1147.56,4.17
tracelab,0,8,468.96,446.79,-4.96
tracelab,0,9,740.92,820.87,9.74
tracelab,0,10,823.9,911.05,9.57
tracelab,0,11,928.18,967.9,4.1
tracelab,0,12,957.94,1068.87,10.38
tracelab,0,13,464.96,517.24,10.11
tracelab,0,14,360.92,349.71,-3.2
tracelab,0,15,1003.92,1022.67,1.83
tracelab,0,16,1331.75,1386.54,3.95
tracelab,0,17,1239.93,1266.83,2.12
tracelab,0,18,1578.95,1622.94,2.71
tracelab,0,19,690.51,729.44,5.34
tracelab,0,20,1040.48,1070.56,2.81
tracelab,0,21,758.12,746.58,-1.55
tracelab,0,22,675.75,707.53,4.49
tracelab,0,23,689.45,705.9,2.33
tracelab,0,24,762.57,806.19,5.41
tracelab,0,25,1522.88,1565.5,2.72
tracelab,0,26,1052.33,1061.46,0.86
tracelab,0,27,771.46,793.3,2.75
tracelab,0,28,761.11,790.94,3.77
tracelab,0,29,1195.19,1213.98,1.55
tracelab,0,30,1001.59,1018.45,1.66
tracelab,0,31,1225.43,1253.86,2.27
tracelab,0,32,830.77,840.77,1.19
tracelab,0,33,848.31,867.27,2.19
tracelab,0,34,1366.12,1387.73,1.56
tracelab,0,35,1058.46,1080.45,2.04
tracelab,0,36,1451.09,1491.14,2.69
tracelab,0,37,1541.17,1585.97,2.82
tracelab,0,38,834.94,869.63,3.99
tracelab,0,39,723.22,747.85,3.29
tracelab,0,40,1478.17,1515.7,2.48
tracelab,0,41,1528.55,1575.32,2.97
tracelab,0,42,862.89,860.33,-0.3
tracelab,0,43,1062.2,1075.46,1.23
tracelab,0,44,934.88,951.83,1.78
tracelab,0,45,814.17,827.16,1.57
tracelab,0,46,1126.7,1148.88,1.93
tracelab,0,47,1034.44,1046.89,1.19
tracelab,0,48,989.25,1008.8,1.94
tracelab,0,49,1523.84,1568.94,2.87
tracelab,0,50,1445.97,1480.02,2.3
tracelab,0,51,1367.97,1404.72,2.62
tracelab,0,52,1126.19,1146.63,1.78
tracelab,0,53,1272.63,1286.2,1.06
tracelab,0,54,1268.08,1281.38,1.04
tracelab,0,55,1416.79,1447.36,2.11
tracelab,0,56,934.14,957.55,2.44
tracelab,0,57,892.75,911.68,2.08
tracelab,0,58,909.73,911.99,0.25
tracelab,0,59,1216.87,1234.15,1.4
tracelab,0,60,1312.56,1346.38,2.51
tracelab,0,61,923.03,933.46,1.12
tracelab,0,62,1390.94,1429.25,2.68
tracelab,0,63,971.57,1004.45,3.27
tracelab,0,64,1440.21,1482.0,2.82
tracelab,0,65,839.92,853.05,1.54
tracelab,0,66,1362.63,1394.12,2.26
tracelab,0,67,1600.26,1624.98,1.52
tracelab,0,68,1394.76,1422.63,1.96
tracelab,0,69,904.61,918.18,1.48
tracelab,0,70,1518.64,1546.45,1.8
tracelab,0,71,1029.84,1057.0,2.57
tracelab,0,72,1214.64,1235.7,1.7
tracelab,0,73,1479.14,1525.5,3.04
tracelab,0,74,1311.55,1350.12,2.86
tracelab,0,75,916.35,934.16,1.91
tracelab,0,76,1045.94,1063.65,1.66
tracelab,0,77,1313.99,1339.21,1.88
tracelab,0,78,1149.16,1175.91,2.27
tracelab,0,79,943.13,963.97,2.16
tracelab,0,80,1078.83,1111.27,2.92
tracelab,0,81,1028.49,1041.74,1.27
tracelab,0,82,1007.1,1030.34,2.26
tracelab,0,83,1046.98,1063.62,1.56
tracelab,0,84,1023.97,1056.34,3.06
tracelab,0,85,1420.46,1450.17,2.05
tracelab,0,86,1151.35,1175.57,2.06
tracelab,0,87,942.29,944.47,0.23
tracelab,0,88,1075.09,1102.48,2.48
tracelab,0,89,1028.54,1045.07,1.58
tracelab,0,90,1134.47,1147.4,1.13
tracelab,0,91,1121.77,1159.69,3.27
tracelab,0,92,1200.91,1216.41,1.27
tracelab,0,93,1209.32,1239.14,2.41
tracelab,0,94,891.8,914.91,2.53
tracelab,0,95,1010.49,1027.13,1.62
tracelab,0,96,1249.3,1277.9,2.24
tracelab,0,97,1374.32,1401.44,1.93
tracelab,0,98,1333.84,1371.0,2.71
tracelab,0,99,973.24,984.24,1.12
tracelab,1,0,1567.53,1619.77,3.23
tracelab,1,1,62.49,60.4,-3.47
tracelab,1,2,1250.38,1309.03,4.48
tracelab,1,3,1596.33,1655.7,3.59
tracelab,1,4,66.34,80.39,17.48
tracelab,1,5,293.51,311.73,5.85
tracelab,1,6,194.55,214.0,9.09
tracelab,1,7,1154.09,1193.61,3.31
tracelab,1,8,463.15,460.09,-0.66
tracelab,1,9,754.4,764.04,1.26
tracelab,1,10,805.96,851.73,5.37
tracelab,1,11,946.64,954.99,0.87
tracelab,1,12,993.34,1055.4,5.88
tracelab,1,13,469.99,488.49,3.79
tracelab,1,14,380.84,332.82,-14.43
tracelab,1,15,974.22,1016.86,4.19
tracelab,1,16,1333.48,1388.01,3.93
tracelab,1,17,1267.05,1287.04,1.55
tracelab,1,18,1560.61,1618.7,3.59
tracelab,1,19,726.12,737.24,1.51
tracelab,1,20,1061.59,1090.58,2.66
tracelab,1,21,736.21,746.56,1.39
tracelab,1,22,715.25,742.89,3.72
tracelab,1,23,685.31,716.8,4.39
tracelab,1,24,782.31,803.98,2.7
tracelab,1,25,1497.46,1551.34,3.47
tracelab,1,26,1043.33,1058.16,1.4
tracelab,1,27,760.43,800.85,5.05
tracelab,1,28,762.99,782.82,2.53
tracelab,1,29,1180.76,1218.3,3.08
tracelab,1,30,983.32,1000.57,1.72
tracelab,1,31,1210.26,1246.56,2.91
tracelab,1,32,810.3,829.48,2.31
tracelab,1,33,839.63,860.07,2.38
tracelab,1,34,1338.66,1392.36,3.86
tracelab,1,35,1039.82,1076.6,3.42
tracelab,1,36,1432.59,1480.29,3.22
tracelab,1,37,1519.38,1580.7,3.88
tracelab,1,38,822.63,860.96,4.45
tracelab,1,39,710.09,738.99,3.91
tracelab,1,40,1460.88,1520.63,3.93
tracelab,1,41,1514.75,1570.23,3.53
tracelab,1,42,833.63,857.45,2.78
tracelab,1,43,1036.15,1090.4,4.97
tracelab,1,44,930.65,941.16,1.12
tracelab,1,45,813.04,850.18,4.37
tracelab,1,46,1106.76,1139.12,2.84
tracelab,1,47,1011.35,1041.4,2.89
tracelab,1,48,993.82,1027.16,3.25
tracelab,1,49,1498.34,1559.12,3.9
tracelab,1,50,1420.61,1473.61,3.6
tracelab,1,51,1354.33,1399.41,3.22
tracelab,1,52,1129.57,1166.51,3.17
tracelab,1,53,1257.59,1302.42,3.44
tracelab,1,54,1251.64,1294.5,3.31
tracelab,1,55,1405.63,1444.77,2.71
tracelab,1,56,937.56,968.2,3.17
tracelab,1,57,904.94,928.9,2.58
tracelab,1,58,916.42,940.65,2.58
tracelab,1,59,1210.35,1242.61,2.6
tracelab,1,60,1298.5,1340.79,3.15
tracelab,1,61,910.49,940.12,3.15
tracelab,1,62,1383.97,1430.42,3.25
tracelab,1,63,975.5,998.96,2.35
tracelab,1,64,1425.15,1475.58,3.42
tracelab,1,65,843.08,863.7,2.39
tracelab,1,66,1353.33,1401.9,3.46
tracelab,1,67,1577.33,1623.33,2.83
tracelab,1,68,1374.39,1421.69,3.33
tracelab,1,69,892.64,924.0,3.39
tracelab,1,70,1497.72,1549.26,3.33
tracelab,1,71,1000.39,1029.76,2.85
tracelab,1,72,1199.35,1234.25,2.83
tracelab,1,73,1467.8,1526.24,3.83
tracelab,1,74,1295.73,1333.21,2.81
tracelab,1,75,899.27,932.34,3.55
tracelab,1,76,1041.15,1067.82,2.5
tracelab,1,77,1306.2,1348.99,3.17
tracelab,1,78,1138.9,1194.47,4.65
tracelab,1,79,934.22,962.08,2.9
tracelab,1,80,1077.99,1115.67,3.38
tracelab,1,81,1022.46,1049.36,2.56
tracelab,1,82,999.57,1037.64,3.67
tracelab,1,83,1031.74,1061.59,2.81
tracelab,1,84,1005.38,1042.3,3.54
tracelab,1,85,1407.27,1452.5,3.11
tracelab,1,86,1150.25,1186.34,3.04
tracelab,1,87,911.28,943.47,3.41
tracelab,1,88,1078.39,1117.38,3.49
tracelab,1,89,1019.84,1048.74,2.76
tracelab,1,90,1124.13,1158.34,2.95
tracelab,1,91,1122.16,1156.45,2.96
tracelab,1,92,1179.67,1220.58,3.35
tracelab,1,93,1208.24,1245.81,3.02
tracelab,1,94,889.58,917.03,2.99
tracelab,1,95,1006.0,1035.9,2.89
tracelab,1,96,1244.13,1288.94,3.48
tracelab,1,97,1374.56,1426.4,3.63
tracelab,1,98,1331.79,1372.58,2.97
tracelab,1,99,964.58,979.1,1.48
tracelab,2,0,1563.23,1622.93,3.68
tracelab,2,1,209.68,276.17,24.08
tracelab,2,2,1379.51,1436.05,3.94
tracelab,2,3,1610.75,1667.57,3.41
tracelab,2,4,100.31,109.2,8.14
tracelab,2,5,243.74,265.11,8.06
tracelab,2,6,185.29,185.14,-0.08
tracelab,2,7,1116.73,1181.39,5.47
tracelab,2,8,416.6,468.59,11.1
tracelab,2,9,649.49,749.15,13.3
tracelab,2,10,780.75,818.69,4.63
tracelab,2,11,847.67,953.61,11.11
tracelab,2,12,933.0,1000.55,6.75
tracelab,2,13,445.44,490.51,9.19
tracelab,2,14,355.67,397.94,10.62
tracelab,2,15,933.92,1055.89,11.55
tracelab,2,16,1317.46,1356.58,2.88
tracelab,2,17,1231.88,1274.77,3.37
tracelab,2,18,1568.18,1632.27,3.93
tracelab,2,19,700.02,699.83,-0.03
tracelab,2,20,1005.53,1072.27,6.22
tracelab,2,21,708.96,746.75,5.06
tracelab,2,22,664.35,717.99,7.47
tracelab,2,23,647.04,708.47,8.67
tracelab,2,24,744.18,789.53,5.74
tracelab,2,25,1492.76,1544.18,3.33
tracelab,2,26,1006.98,1047.14,3.84
tracelab,2,27,739.02,781.22,5.4
tracelab,2,28,745.04,788.03,5.45
tracelab,2,29,1166.03,1215.3,4.05
tracelab,2,30,954.2,1007.68,5.31
tracelab,2,31,1192.39,1241.9,3.99
tracelab,2,32,766.65,809.81,5.33
tracelab,2,33,845.35,864.89,2.26
tracelab,2,34,1347.41,1395.95,3.48
tracelab,2,35,1039.04,1078.22,3.63
tracelab,2,36,1440.89,1486.03,3.04
tracelab,2,37,1522.79,1585.88,3.98
tracelab,2,38,827.8,846.96,2.26
tracelab,2,39,730.92,767.41,4.75
tracelab,2,40,1471.87,1523.21,3.37
tracelab,2,41,1517.8,1570.52,3.36
tracelab,2,42,834.83,874.19,4.5
tracelab,2,43,1034.75,1091.85,5.23
tracelab,2,44,911.34,957.5,4.82
tracelab,2,45,802.76,840.62,4.5
tracelab,2,46,1096.88,1145.76,4.27
tracelab,2,47,1011.91,1044.19,3.09
tracelab,2,48,976.87,1024.32,4.63
tracelab,2,49,1515.34,1572.07,3.61
tracelab,2,50,1434.5,1482.88,3.26
tracelab,2,51,1357.41,1405.66,3.43
tracelab,2,52,1120.57,1173.58,4.52
tracelab,2,53,1250.3,1303.08,4.05
tracelab,2,54,1239.48,1290.33,3.94
tracelab,2,55,1403.34,1451.03,3.29
tracelab,2,56,926.5,978.09,5.27
tracelab,2,57,892.21,934.76,4.55
tracelab,2,58,899.57,934.15,3.7
tracelab,2,59,1197.57,1240.3,3.45
tracelab,2,60,1297.19,1341.78,3.32
tracelab,2,61,903.54,936.75,3.55
tracelab,2,62,1382.84,1428.75,3.21
tracelab,2,63,961.02,982.03,2.14
tracelab,2,64,1424.8,1479.01,3.67
tracelab,2,65,827.33,873.96,5.34
tracelab,2,66,1339.65,1392.32,3.78
tracelab,2,67,1590.33,1639.19,2.98
tracelab,2,68,1365.39,1415.66,3.55
tracelab,2,69,890.17,928.04,4.08
tracelab,2,70,1488.18,1541.78,3.48
tracelab,2,71,1017.98,1042.14,2.32
tracelab,2,72,1201.67,1240.7,3.15
tracelab,2,73,1463.08,1519.29,3.7
tracelab,2,74,1294.35,1326.94,2.46
tracelab,2,75,888.51,940.12,5.49
tracelab,2,76,1039.17,1077.85,3.59
tracelab,2,77,1292.64,1341.61,3.65
tracelab,2,78,1137.74,1106.42,-2.83
tracelab,2,79,940.02,969.83,3.07
tracelab,2,80,1075.35,1113.45,3.42
tracelab,2,81,1011.56,1037.85,2.53
tracelab,2,82,997.11,1029.37,3.13
tracelab,2,83,1027.29,1067.99,3.81
tracelab,2,84,1014.04,1051.46,3.56
tracelab,2,85,1408.55,1447.59,2.7
tracelab,2,86,1153.14,1170.65,1.5
tracelab,2,87,912.3,963.34,5.3
tracelab,2,88,1066.3,1087.77,1.97
tracelab,2,89,1015.39,1041.78,2.53
tracelab,2,90,1113.06,1150.49,3.25
tracelab,2,91,1113.54,1154.59,3.56
tracelab,2,92,1175.68,1212.92,3.07
tracelab,2,93,1194.11,1229.98,2.92
tracelab,2,94,881.44,908.66,3.0
tracelab,2,95,996.98,1021.05,2.36
tracelab,2,96,1234.15,1270.46,2.86
tracelab,2,97,1347.31,1401.65,3.88
tracelab,2,98,1318.15,1367.51,3.61
tracelab,2,99,949.57,984.37,3.53
